{
    "total_risk": 4957.766472006252,
    "mitigation_value": 8100.0,
    "net_value": -3142.233527993748,
    "accuracy": 0.975,
    "f1_score": 0.9718745683105401
}