{
    "total_risk": 15419.930452442915,
    "mitigation_value": 10800.0,
    "net_value": 4619.930452442915,
    "accuracy": 0.995,
    "f1_score": 0.9925064935064936
}