{
    "total_risk": 14978.336364109951,
    "mitigation_value": 13800.0,
    "net_value": 1178.3363641099513,
    "accuracy": 0.995,
    "f1_score": 0.9946496691319578
}