{
    "total_risk": 37.57575757575758,
    "mitigation_value": 10800.0,
    "net_value": -10762.424242424242,
    "accuracy": 0.99,
    "f1_score": 0.9896492838780756
}