Asset Type,Maintenance Rate,Critical Coverage,Warning Coverage,Healthy Rate,Estimated ROI
transformer,0.00014285714285714287,0.0,0.0,0.0010395010395010396,0.0
motor,0.0008571428571428571,0.09375,0.0,0.0,720.0
capacitor,0.00028571428571428574,0.0,0.0,0.0020639834881320948,0.0
ups,0.00014285714285714287,0.0,0.0,0.0010638297872340426,0.0
