Asset Type,Model,Accuracy,Precision,Recall,F1 Score
transformer,Baseline,0.995,0.9900259067357513,0.995,0.9925064935064936
transformer,Tuned,0.995,0.9900259067357513,0.995,0.9925064935064936
motor,Baseline,0.995,0.9950271739130434,0.995,0.9946496691319578
motor,Tuned,1.0,1.0,1.0,1.0
capacitor,Baseline,0.99,0.9900256410256411,0.99,0.9896492838780756
capacitor,Tuned,1.0,1.0,1.0,1.0
ups,Baseline,0.97,0.9709278350515465,0.97,0.9652356020942409
ups,Tuned,1.0,1.0,1.0,1.0
